name,yahoo,sector,universe
ASK Automotive,ASKAUTOLTD.NS,Automobile and Auto Components,microcap250
AXISCADES Technologies,AXISCADES.NS,Capital Goods,microcap250
Aarti Drugs,AARTIDRUGS.NS,Healthcare,microcap250
Aarti Pharmalabs,AARTIPHARM.NS,Healthcare,microcap250
Aditya Vision,AVL.NS,Consumer Services,microcap250
Advanced Enzyme Tech,ADVENZYMES.NS,Healthcare,microcap250
Aequs,AEQUS.NS,Capital Goods,microcap250
Aether Industries,AETHER.NS,Chemicals,microcap250
Ahluwalia Contracts (India),AHLUCONT.NS,Construction,microcap250
Akums Drugs and Pharmaceuticals,AKUMS.NS,Healthcare,microcap250
Alembic Pharmaceuticals,APLLTD.NS,Healthcare,microcap250
Alivus Life Sciences,ALIVUS.NS,Healthcare,microcap250
Alkyl Amines Chemicals,ALKYLAMINE.NS,Chemicals,microcap250
Alok Industries,ALOKINDS.NS,Textiles,microcap250
Apollo Micro Systems,APOLLO.NS,Capital Goods,microcap250
Archean Chemical Industries,ACI.NS,Chemicals,microcap250
Arvind Fashions,ARVINDFASN.NS,Consumer Services,microcap250
Arvind,ARVIND.NS,Textiles,microcap250
Ashapura Minechem,ASHAPURMIN.NS,Metals & Mining,microcap250
Ashoka Buildcon,ASHOKA.NS,Construction,microcap250
Astra Microwave Products,ASTRAMICRO.NS,Capital Goods,microcap250
Atlanta Electricals,ATLANTAELE.NS,Capital Goods,microcap250
Aurionpro Solution,AURIONPRO.NS,Information Technology,microcap250
Avalon Technologies,AVALON.NS,Capital Goods,microcap250
Avanti Feeds,AVANTIFEED.NS,Fast Moving Consumer Goods,microcap250
AvenuesAI,CCAVENUE.NS,Financial Services,microcap250
Awfis Space Solutions,AWFIS.NS,Services,microcap250
Azad Engineering,AZAD.NS,Capital Goods,microcap250
Bajaj Electricals,BAJAJELEC.NS,Consumer Durables,microcap250
Balaji Amines,BALAMINES.NS,Chemicals,microcap250
Balu Forge Industries,BALUFORGE.NS,Capital Goods,microcap250
Banco Products (India),BANCOINDIA.NS,Automobile and Auto Components,microcap250
Birla Corporation,BIRLACORPN.NS,Construction Materials,microcap250
Black Box,BBOX.NS,Information Technology,microcap250
Blackbuck,BLACKBUCK.NS,Services,microcap250
BlueStone Jewellery and Lifestyle,BLUESTONE.NS,Consumer Durables,microcap250
Borosil Renewables,BORORENEW.NS,Capital Goods,microcap250
CMS Info Systems,CMSINFO.NS,Services,microcap250
CORONA Remedies,CORONA.NS,Healthcare,microcap250
CSB Bank,CSBBANK.NS,Financial Services,microcap250
Campus Activewear,CAMPUS.NS,Consumer Durables,microcap250
Canara Robeco Asset Management Company,CRAMC.NS,Financial Services,microcap250
Capillary Technologies India,CAPILLARY.NS,Information Technology,microcap250
Cello World,CELLO.NS,Consumer Durables,microcap250
Century Plyboards (India),CENTURYPLY.NS,Consumer Durables,microcap250
Cera Sanitaryware,CERA.NS,Consumer Durables,microcap250
Crizac,CRIZAC.NS,Consumer Services,microcap250
Cupid,CUPID.NS,Fast Moving Consumer Goods,microcap250
DCB Bank,DCBBANK.NS,Financial Services,microcap250
Datamatics Global Services,DATAMATICS.NS,Information Technology,microcap250
Diamond Power Infrastructure,DIACABS.NS,Capital Goods,microcap250
Dilip Buildcon,DBL.NS,Construction,microcap250
Dr. Agarwal's Health Care,AGARWALEYE.NS,Healthcare,microcap250
Dynamatic Technologies,DYNAMATECH.NS,Capital Goods,microcap250
EPL,EPL.NS,Capital Goods,microcap250
Edelweiss Financial Services,EDELWEISS.NS,Financial Services,microcap250
Electronics Mart India,EMIL.NS,Consumer Services,microcap250
Electrosteel Castings,ELECTCAST.NS,Capital Goods,microcap250
Ellenbarrie Industrial Gases,ELLEN.NS,Chemicals,microcap250
Embassy Developments,EMBDL.NS,Realty,microcap250
Entero Healthcare Solutions,ENTERO.NS,Consumer Services,microcap250
Enviro Infra Engineers,EIEL.NS,Utilities,microcap250
Equitas Small Finance Bank,EQUITASBNK.NS,Financial Services,microcap250
Ethos,ETHOSLTD.NS,Consumer Durables,microcap250
Eureka Forbes,EUREKAFORB.NS,Consumer Durables,microcap250
Fedbank Financial Services,FEDFINA.NS,Financial Services,microcap250
Fiem Industries,FIEMIND.NS,Automobile and Auto Components,microcap250
Finolex Industries,FINPIPE.NS,Capital Goods,microcap250
Fujiyama Power Systems,UTLSOLAR.NS,Capital Goods,microcap250
GHCL,GHCL.NS,Chemicals,microcap250
GMM Pfaudler,GMMPFAUDLR.NS,Capital Goods,microcap250
GMR Power and Urban Infra,GMRP&UI.NS,Power,microcap250
Garware Hi-Tech Films,GRWRHITECH.NS,Capital Goods,microcap250
Godrej Agrovet,GODREJAGRO.NS,Fast Moving Consumer Goods,microcap250
Gokaldas Exports,GOKEX.NS,Textiles,microcap250
Gokul Agro Resources,GOKULAGRO.NS,Fast Moving Consumer Goods,microcap250
Greaves Cotton,GREAVESCOT.NS,Capital Goods,microcap250
Grindwell Norton,GRINDWELL.NS,Capital Goods,microcap250
Gujarat Ambuja Exports,GAEL.NS,Fast Moving Consumer Goods,microcap250
Gujarat Narmada Valley Fertilizers and Chemicals,GNFC.NS,Chemicals,microcap250
Gujarat Pipavav Port,GPPL.NS,Services,microcap250
Gujarat State Fertilizers & Chemicals,GSFC.NS,Chemicals,microcap250
H.G. Infra Engineering,HGINFRA.NS,Construction,microcap250
Happiest Minds Technologies,HAPPSTMNDS.NS,Information Technology,microcap250
Healthcare Global Enterprises,HCG.NS,Healthcare,microcap250
Hemisphere Properties India,HEMIPROP.NS,Services,microcap250
Heritage Foods,HERITGFOOD.NS,Fast Moving Consumer Goods,microcap250
Hindustan Construction Co.,HCC.NS,Construction,microcap250
IFB Industries,IFBIND.NS,Consumer Durables,microcap250
IIFL Capital Services,IIFLCAPS.NS,Financial Services,microcap250
INOX India,INOXINDIA.NS,Capital Goods,microcap250
India Glycols,INDIAGLYCO.NS,Fast Moving Consumer Goods,microcap250
India Shelter Finance Corporation,INDIASHLTR.NS,Financial Services,microcap250
Indian Metals & Ferro Alloys,IMFA.NS,Metals & Mining,microcap250
Indigo Paints,INDIGOPNTS.NS,Consumer Durables,microcap250
Indo Count Industries,ICIL.NS,Textiles,microcap250
Ion Exchange (India),IONEXCHANG.NS,Utilities,microcap250
JK Lakshmi Cement,JKLAKSHMI.NS,Construction Materials,microcap250
JK Paper,JKPAPER.NS,Forest Materials,microcap250
Jamna Auto Industries,JAMNAAUTO.NS,Automobile and Auto Components,microcap250
Jana Small Finance Bank,JSFB.NS,Financial Services,microcap250
Jayaswal Neco Industries,JAYNECOIND.NS,Capital Goods,microcap250
Jeena Sikho Lifecare,JSLL.NS,Consumer Services,microcap250
Jupiter Life Line Hospitals,JLHL.NS,Healthcare,microcap250
Justdial,JUSTDIAL.NS,Consumer Services,microcap250
Jyothy Labs,JYOTHYLAB.NS,Fast Moving Consumer Goods,microcap250
KNR Constructions,KNRCON.NS,Construction,microcap250
KPI Green Energy,KPIGREEN.NS,Power,microcap250
KRBL,KRBL.NS,Fast Moving Consumer Goods,microcap250
KSB,KSB.NS,Capital Goods,microcap250
Kansai Nerolac Paints,KANSAINER.NS,Consumer Durables,microcap250
Karnataka Bank,KTKBANK.NS,Financial Services,microcap250
Kaveri Seed Company,KSCL.NS,Fast Moving Consumer Goods,microcap250
Kirloskar Brothers,KIRLOSBROS.NS,Capital Goods,microcap250
Kirloskar Pneumatic Company,KIRLPNU.NS,Capital Goods,microcap250
Kitex Garments,KITEX.NS,Textiles,microcap250
Laxmi Organic Industries,LXCHEM.NS,Chemicals,microcap250
Le Travenues Technology,IXIGO.NS,Consumer Services,microcap250
Lloyds Engineering Works,LLOYDSENGG.NS,Capital Goods,microcap250
Lloyds Enterprises,LLOYDSENT.NS,Metals & Mining,microcap250
Lumax Auto Technologies,LUMAXTECH.NS,Automobile and Auto Components,microcap250
MOIL,MOIL.NS,Metals & Mining,microcap250
MSTC,MSTCLTD.NS,Services,microcap250
Maharashtra Scooters,MAHSCOOTER.NS,Financial Services,microcap250
Maharashtra Seamless,MAHSEAMLES.NS,Capital Goods,microcap250
Manorama Industries,MANORAMA.NS,Fast Moving Consumer Goods,microcap250
Marksans Pharma,MARKSANS.NS,Healthcare,microcap250
Mastek,MASTEK.NS,Information Technology,microcap250
Medplus Health Services,MEDPLUS.NS,Consumer Services,microcap250
Metropolis Healthcare,METROPOLIS.NS,Healthcare,microcap250
Mishra Dhatu Nigam,MIDHANI.NS,Capital Goods,microcap250
Mrs. Bectors Food Specialities,BECTORFOOD.NS,Fast Moving Consumer Goods,microcap250
NEOGEN CHEMICALS LTD.,NEOGEN.NS,Chemicals,microcap250
NESCO,NESCO.NS,Services,microcap250
National Fertilizers,NFL.NS,Chemicals,microcap250
Nazara Technologies,NAZARA.NS,Media Entertainment & Publication,microcap250
Network18 Media & Investments,NETWORK18.NS,Media Entertainment & Publication,microcap250
Optiemus Infracom,OPTIEMUS.NS,Telecommunication,microcap250
Orient Cement,ORIENTCEM.NS,Construction Materials,microcap250
Orkla India,ORKLAINDIA.NS,Fast Moving Consumer Goods,microcap250
Oswal Pumps,OSWALPUMPS.NS,Capital Goods,microcap250
P N Gadgil Jewellers,PNGJL.NS,Consumer Durables,microcap250
PC Jeweller,PCJEWELLER.NS,Consumer Durables,microcap250
PNC Infratech,PNCINFRA.NS,Construction,microcap250
PTC India,PTC.NS,Power,microcap250
Paras Defence and Space Technologies,PARAS.NS,Capital Goods,microcap250
Park Medi World,PARKHOSPS.NS,Healthcare,microcap250
Pearl Global Industries,PGIL.NS,Textiles,microcap250
Piccadily Agro Industries,PICCADIL.NS,Fast Moving Consumer Goods,microcap250
Power Mech Projects,POWERMECH.NS,Construction,microcap250
Praj Industries,PRAJIND.NS,Capital Goods,microcap250
Pricol,PRICOLLTD.NS,Automobile and Auto Components,microcap250
Prism Johnson,PRSMJOHNSN.NS,Construction Materials,microcap250
Privi Speciality Chemicals,PRIVISCL.NS,Chemicals,microcap250
Prudent Corporate Advisory Services,PRUDENT.NS,Financial Services,microcap250
Puravankara,PURVA.NS,Realty,microcap250
Quess Corp,QUESS.NS,Services,microcap250
Rain Industries,RAIN.NS,Chemicals,microcap250
Rallis India,RALLIS.NS,Chemicals,microcap250
Rashtriya Chemicals & Fertilizers,RCF.NS,Chemicals,microcap250
Rategain Travel Technologies,RATEGAIN.NS,Information Technology,microcap250
Ratnamani Metals & Tubes,RATNAMANI.NS,Capital Goods,microcap250
RattanIndia Enterprises,RTNINDIA.NS,Consumer Services,microcap250
RattanIndia Power,RTNPOWER.NS,Power,microcap250
Raymond Lifestyle,RAYMONDLSL.NS,Textiles,microcap250
Redtape,REDTAPE.NS,Consumer Durables,microcap250
Refex Industries,REFEX.NS,Utilities,microcap250
Relaxo Footwears,RELAXO.NS,Consumer Durables,microcap250
Religare Enterprises,RELIGARE.NS,Financial Services,microcap250
Restaurant Brands Asia,RBA.NS,Consumer Services,microcap250
Route Mobile,ROUTE.NS,Telecommunication,microcap250
Rubicon Research,RUBICON.NS,Healthcare,microcap250
SKF India (Industrial),SKFINDUS.NS,Capital Goods,microcap250
SKF India,SKFINDIA.NS,Automobile and Auto Components,microcap250
SKY GOLD AND DIAMONDS,SKYGOLD.NS,Consumer Durables,microcap250
SML Mahindra,SMLMAH.NS,Capital Goods,microcap250
SPR Auto Technologies,SHRIPISTON.NS,Automobile and Auto Components,microcap250
Saatvik Green Energy,SAATVIKGL.NS,Capital Goods,microcap250
Safari Industries (India),SAFARI.NS,Consumer Durables,microcap250
Samhi Hotels,SAMHI.NS,Consumer Services,microcap250
Sandur Manganese & Iron Ores,SANDUMA.NS,Metals & Mining,microcap250
Sanofi Consumer Healthcare India,SANOFICONR.NS,Healthcare,microcap250
Sansera Engineering,SANSERA.NS,Automobile and Auto Components,microcap250
Senco Gold,SENCO.NS,Consumer Durables,microcap250
Seshaasai Technologies,STYL.NS,Financial Services,microcap250
Shaily Engineering Plastics,SHAILY.NS,Consumer Durables,microcap250
Shakti Pumps (India),SHAKTIPUMP.NS,Capital Goods,microcap250
Sharda Cropchem,SHARDACROP.NS,Chemicals,microcap250
Share India Securities,SHAREINDIA.NS,Financial Services,microcap250
Sheela Foam,SFL.NS,Consumer Durables,microcap250
Shilpa Medicare,SHILPAMED.NS,Healthcare,microcap250
Shree Renuka Sugars,RENUKA.NS,Fast Moving Consumer Goods,microcap250
Skipper,SKIPPER.NS,Capital Goods,microcap250
Smartworks Coworking Spaces,SMARTWORKS.NS,Services,microcap250
South Indian Bank,SOUTHBANK.NS,Financial Services,microcap250
Sri Lotus Developers and Realty,LOTUSDEV.NS,Realty,microcap250
Star Cement,STARCEMENT.NS,Construction Materials,microcap250
Sterling and Wilson Renewable Energy,SWSOLAR.NS,Construction,microcap250
Strides Pharma Science,STAR.NS,Healthcare,microcap250
Styrenix Performance Materials,STYRENIX.NS,Chemicals,microcap250
Subros,SUBROS.NS,Capital Goods,microcap250
Sudarshan Chemical Industries,SUDARSCHEM.NS,Chemicals,microcap250
Sudeep Pharma,SUDEEPPHRM.NS,Chemicals,microcap250
Sun Pharma Advanced Research Company,SPARC.NS,Healthcare,microcap250
Sunteck Realty,SUNTECK.NS,Realty,microcap250
Supriya Lifescience,SUPRIYA.NS,Healthcare,microcap250
Surya Roshni,SURYAROSNI.NS,Capital Goods,microcap250
TARC,TARC.NS,Realty,microcap250
TD Power Systems,TDPOWERSYS.NS,Capital Goods,microcap250
TSF Investments,TSFINV.NS,Financial Services,microcap250
TVS Supply Chain Solutions,TVSSCS.NS,Services,microcap250
Tamilnad Mercantile Bank,TMB.NS,Financial Services,microcap250
Tanla Platforms,TANLA.NS,Information Technology,microcap250
Texmaco Rail & Eng.,TEXRAIL.NS,Capital Goods,microcap250
Thangamayil Jewellery,THANGAMAYL.NS,Consumer Durables,microcap250
The Anup Engineering,ANUP.NS,Capital Goods,microcap250
Thomas Cook (India),THOMASCOOK.NS,Consumer Services,microcap250
Thyrocare Technologies,THYROCARE.NS,Healthcare,microcap250
Tilaknagar Industries,TI.NS,Fast Moving Consumer Goods,microcap250
Time Technoplast,TIMETECHNO.NS,Capital Goods,microcap250
Tips Music,TIPSMUSIC.NS,Media Entertainment & Publication,microcap250
Transrail Lighting,TRANSRAILL.NS,Capital Goods,microcap250
Ujjivan Small Finance Bank,UJJIVANSFB.NS,Financial Services,microcap250
V-Guard Industries,VGUARD.NS,Consumer Durables,microcap250
V-Mart Retail,VMART.NS,Consumer Services,microcap250
V.I.P. Industries,VIPIND.NS,Consumer Durables,microcap250
V2 Retail,V2RETAIL.NS,Consumer Services,microcap250
Va Tech Wabag,WABAG.NS,Utilities,microcap250
Vaibhav Global,VAIBHAVGBL.NS,Consumer Durables,microcap250
Varroc Engineering,VARROC.NS,Automobile and Auto Components,microcap250
Vedant Fashions,MANYAVAR.NS,Consumer Services,microcap250
Vikram Solar,VIKRAMSOLR.NS,Capital Goods,microcap250
Viyash Scientific,VIYASH.NS,Healthcare,microcap250
Voltamp Transformers,VOLTAMP.NS,Capital Goods,microcap250
Waaree Renewable Technologies,WAAREERTL.NS,Capital Goods,microcap250
Wakefit Innovations,WAKEFIT.NS,Consumer Durables,microcap250
WeWork India Management,WEWORK.NS,Services,microcap250
Websol Energy System,WEBELSOLAR.NS,Capital Goods,microcap250
Welspun Enterprises,WELENT.NS,Construction,microcap250
Westlife Foodworld,WESTLIFE.NS,Consumer Services,microcap250
Yatharth Hospital & Trauma Care Services,YATHARTH.NS,Healthcare,microcap250
Zaggle Prepaid Ocean Services,ZAGGLE.NS,Information Technology,microcap250
360 ONE WAM,360ONE.NS,Financial Services,nifty500
3M India,3MINDIA.NS,Diversified,nifty500
ABB India,ABB.NS,Capital Goods,nifty500
ACC,ACC.NS,Construction Materials,nifty500
ACME Solar Holdings,ACMESOLAR.NS,Power,nifty500
AIA Engineering,AIAENG.NS,Capital Goods,nifty500
APL Apollo Tubes,APLAPOLLO.NS,Capital Goods,nifty500
AU Small Finance Bank,AUBANK.NS,Financial Services,nifty500
AWL Agri Business,AWL.NS,Fast Moving Consumer Goods,nifty500
Aadhar Housing Finance,AADHARHFC.NS,Financial Services,nifty500
Aarti Industries,AARTIIND.NS,Chemicals,nifty500
Aavas Financiers,AAVAS.NS,Financial Services,nifty500
Abbott India,ABBOTINDIA.NS,Healthcare,nifty500
Action Construction Equipment,ACE.NS,Capital Goods,nifty500
Acutaas Chemicals,ACUTAAS.NS,Healthcare,nifty500
Adani Energy Solutions,ADANIENSOL.NS,Power,nifty500
Adani Enterprises,ADANIENT.NS,Metals & Mining,nifty500
Adani Green Energy,ADANIGREEN.NS,Power,nifty500
Adani Ports and Special Economic Zone,ADANIPORTS.NS,Services,nifty500
Adani Power,ADANIPOWER.NS,Power,nifty500
Adani Total Gas,ATGL.NS,Oil Gas & Consumable Fuels,nifty500
Aditya Birla Capital,ABCAPITAL.NS,Financial Services,nifty500
Aditya Birla Fashion and Retail,ABFRL.NS,Consumer Services,nifty500
Aditya Birla Lifestyle Brands,ABLBL.NS,Consumer Services,nifty500
Aditya Birla Real Estate,ABREL.NS,Realty,nifty500
Aditya Birla Sun Life AMC,ABSLAMC.NS,Financial Services,nifty500
Aditya Infotech,CPPLUS.NS,Capital Goods,nifty500
Aegis Logistics,AEGISLOG.NS,Oil Gas & Consumable Fuels,nifty500
Aegis Vopak Terminals,AEGISVOPAK.NS,Oil Gas & Consumable Fuels,nifty500
Afcons Infrastructure,AFCONS.NS,Construction,nifty500
Affle 3i,AFFLE.NS,Information Technology,nifty500
Ajanta Pharmaceuticals,AJANTPHARM.NS,Healthcare,nifty500
Alkem Laboratories,ALKEM.NS,Healthcare,nifty500
Allied Blenders and Distillers,ABDL.NS,Fast Moving Consumer Goods,nifty500
Amara Raja Energy & Mobility,ARE&M.NS,Automobile and Auto Components,nifty500
Amber Enterprises India,AMBER.NS,Consumer Durables,nifty500
Ambuja Cements,AMBUJACEM.NS,Construction Materials,nifty500
Anand Rathi Wealth,ANANDRATHI.NS,Financial Services,nifty500
Anant Raj,ANANTRAJ.NS,Realty,nifty500
Angel One,ANGELONE.NS,Financial Services,nifty500
Anthem Biosciences,ANTHEM.NS,Healthcare,nifty500
Anupam Rasayan India,ANURAS.NS,Chemicals,nifty500
Apar Industries,APARINDS.NS,Capital Goods,nifty500
Apollo Hospitals Enterprise,APOLLOHOSP.NS,Healthcare,nifty500
Apollo Tyres,APOLLOTYRE.NS,Automobile and Auto Components,nifty500
Aptus Value Housing Finance India,APTUS.NS,Financial Services,nifty500
Asahi India Glass,ASAHIINDIA.NS,Automobile and Auto Components,nifty500
Ashok Leyland,ASHOKLEY.NS,Capital Goods,nifty500
Asian Paints,ASIANPAINT.NS,Consumer Durables,nifty500
Aster DM Quality Care,ASTERDM.NS,Healthcare,nifty500
Astral,ASTRAL.NS,Capital Goods,nifty500
Ather Energy,ATHERENERG.NS,Automobile and Auto Components,nifty500
Atul,ATUL.NS,Chemicals,nifty500
Aurobindo Pharma,AUROPHARMA.NS,Healthcare,nifty500
Authum Investment & Infrastructure,AIIL.NS,Financial Services,nifty500
Avenue Supermarts,DMART.NS,Consumer Services,nifty500
Axis Bank,AXISBANK.NS,Financial Services,nifty500
BEML,BEML.NS,Capital Goods,nifty500
BLS International Services,BLS.NS,Consumer Services,nifty500
BSE,BSE.NS,Financial Services,nifty500
Bajaj Auto,BAJAJ-AUTO.NS,Automobile and Auto Components,nifty500
Bajaj Finance,BAJFINANCE.NS,Financial Services,nifty500
Bajaj Finserv,BAJAJFINSV.NS,Financial Services,nifty500
Bajaj Holdings & Investment,BAJAJHLDNG.NS,Financial Services,nifty500
Bajaj Housing Finance,BAJAJHFL.NS,Financial Services,nifty500
Balkrishna Industries,BALKRISIND.NS,Automobile and Auto Components,nifty500
Balrampur Chini Mills,BALRAMCHIN.NS,Fast Moving Consumer Goods,nifty500
Bandhan Bank,BANDHANBNK.NS,Financial Services,nifty500
Bank of Baroda,BANKBARODA.NS,Financial Services,nifty500
Bank of India,BANKINDIA.NS,Financial Services,nifty500
Bank of Maharashtra,MAHABANK.NS,Financial Services,nifty500
Bata India,BATAINDIA.NS,Consumer Durables,nifty500
Bayer Cropscience,BAYERCROP.NS,Chemicals,nifty500
Belrise Industries,BELRISE.NS,Automobile and Auto Components,nifty500
Berger Paints India,BERGEPAINT.NS,Consumer Durables,nifty500
Bharat Dynamics,BDL.NS,Capital Goods,nifty500
Bharat Electronics,BEL.NS,Capital Goods,nifty500
Bharat Forge,BHARATFORG.NS,Automobile and Auto Components,nifty500
Bharat Heavy Electricals,BHEL.NS,Capital Goods,nifty500
Bharat Petroleum Corporation,BPCL.NS,Oil Gas & Consumable Fuels,nifty500
Bharti Airtel,BHARTIARTL.NS,Telecommunication,nifty500
Bharti Hexacom,BHARTIHEXA.NS,Telecommunication,nifty500
Bikaji Foods International,BIKAJI.NS,Fast Moving Consumer Goods,nifty500
Billionbrains Garage Ventures,GROWW.NS,Financial Services,nifty500
Biocon,BIOCON.NS,Healthcare,nifty500
Birlasoft,BSOFT.NS,Information Technology,nifty500
Blue Dart Express,BLUEDART.NS,Services,nifty500
Blue Jet Healthcare,BLUEJET.NS,Healthcare,nifty500
Blue Star,BLUESTARCO.NS,Consumer Durables,nifty500
Bombay Burmah Trading Corporation,BBTC.NS,Fast Moving Consumer Goods,nifty500
Bosch,BOSCHLTD.NS,Automobile and Auto Components,nifty500
Brainbees Solutions,FIRSTCRY.NS,Consumer Services,nifty500
Brigade Enterprises,BRIGADE.NS,Realty,nifty500
Britannia Industries,BRITANNIA.NS,Fast Moving Consumer Goods,nifty500
C.E. Info Systems,MAPMYINDIA.NS,Information Technology,nifty500
CCL Products (I),CCL.NS,Fast Moving Consumer Goods,nifty500
CESC,CESC.NS,Power,nifty500
CG Power and Industrial Solutions,CGPOWER.NS,Capital Goods,nifty500
CIE Automotive India,CIEINDIA.NS,Automobile and Auto Components,nifty500
CRISIL,CRISIL.NS,Financial Services,nifty500
Can Fin Homes,CANFINHOME.NS,Financial Services,nifty500
Canara Bank,CANBK.NS,Financial Services,nifty500
Canara HSBC Life Insurance Company,CANHLIFE.NS,Financial Services,nifty500
Caplin Point Laboratories,CAPLIPOINT.NS,Healthcare,nifty500
Capri Global Capital,CGCL.NS,Financial Services,nifty500
Carborundum Universal,CARBORUNIV.NS,Capital Goods,nifty500
Cartrade Tech,CARTRADE.NS,Consumer Services,nifty500
Castrol India,CASTROLIND.NS,Oil Gas & Consumable Fuels,nifty500
Ceat,CEATLTD.NS,Automobile and Auto Components,nifty500
Cemindia Projects,CEMPRO.NS,Construction,nifty500
Central Bank of India,CENTRALBK.NS,Financial Services,nifty500
Central Depository Services (India),CDSL.NS,Financial Services,nifty500
Chalet Hotels,CHALET.NS,Consumer Services,nifty500
Chambal Fertilizers & Chemicals,CHAMBLFERT.NS,Chemicals,nifty500
Chennai Petroleum Corporation,CHENNPETRO.NS,Oil Gas & Consumable Fuels,nifty500
Choice International,CHOICEIN.NS,Financial Services,nifty500
Cholamandalam Financial Holdings,CHOLAHLDNG.NS,Financial Services,nifty500
Cholamandalam Investment and Finance Company,CHOLAFIN.NS,Financial Services,nifty500
Cipla,CIPLA.NS,Healthcare,nifty500
City Union Bank,CUB.NS,Financial Services,nifty500
Clean Science and Technology,CLEAN.NS,Chemicals,nifty500
Coal India,COALINDIA.NS,Oil Gas & Consumable Fuels,nifty500
Cochin Shipyard,COCHINSHIP.NS,Capital Goods,nifty500
Coforge,COFORGE.NS,Information Technology,nifty500
Cohance Lifesciences,COHANCE.NS,Healthcare,nifty500
Colgate Palmolive (India),COLPAL.NS,Fast Moving Consumer Goods,nifty500
Computer Age Management Services,CAMS.NS,Financial Services,nifty500
Concord Biotech,CONCORDBIO.NS,Healthcare,nifty500
Container Corporation of India,CONCOR.NS,Services,nifty500
Coromandel International,COROMANDEL.NS,Chemicals,nifty500
Craftsman Automation,CRAFTSMAN.NS,Automobile and Auto Components,nifty500
CreditAccess Grameen,CREDITACC.NS,Financial Services,nifty500
Crompton Greaves Consumer Electricals,CROMPTON.NS,Consumer Durables,nifty500
Cummins India,CUMMINSIND.NS,Capital Goods,nifty500
Cyient,CYIENT.NS,Information Technology,nifty500
DCM Shriram,DCMSHRIRAM.NS,Diversified,nifty500
DLF,DLF.NS,Realty,nifty500
DOMS Industries,DOMS.NS,Fast Moving Consumer Goods,nifty500
Dabur India,DABUR.NS,Fast Moving Consumer Goods,nifty500
Dalmia Bharat,DALBHARAT.NS,Construction Materials,nifty500
Data Patterns (India),DATAPATTNS.NS,Capital Goods,nifty500
Deepak Fertilisers & Petrochemicals Corp.,DEEPAKFERT.NS,Chemicals,nifty500
Deepak Nitrite,DEEPAKNTR.NS,Chemicals,nifty500
Delhivery,DELHIVERY.NS,Services,nifty500
Devyani International,DEVYANI.NS,Consumer Services,nifty500
Divi's Laboratories,DIVISLAB.NS,Healthcare,nifty500
Dixon Technologies (India),DIXON.NS,Consumer Durables,nifty500
Dr. Lal Path Labs,LALPATHLAB.NS,Healthcare,nifty500
Dr. Reddy's Laboratories,DRREDDY.NS,Healthcare,nifty500
E.I.D. Parry (India),EIDPARRY.NS,Fast Moving Consumer Goods,nifty500
EIH,EIHOTEL.NS,Consumer Services,nifty500
Eicher Motors,EICHERMOT.NS,Automobile and Auto Components,nifty500
Elecon Engineering Co.,ELECON.NS,Capital Goods,nifty500
Elgi Equipments,ELGIEQUIP.NS,Capital Goods,nifty500
Emami,EMAMILTD.NS,Fast Moving Consumer Goods,nifty500
Emcure Pharmaceuticals,EMCURE.NS,Healthcare,nifty500
Emmvee Photovoltaic Power,EMMVEE.NS,Capital Goods,nifty500
Endurance Technologies,ENDURANCE.NS,Automobile and Auto Components,nifty500
Engineers India,ENGINERSIN.NS,Construction,nifty500
Eris Lifesciences,ERIS.NS,Healthcare,nifty500
Escorts Kubota,ESCORTS.NS,Capital Goods,nifty500
Eternal,ETERNAL.NS,Consumer Services,nifty500
Exide Industries,EXIDEIND.NS,Automobile and Auto Components,nifty500
FSN E-Commerce Ventures,NYKAA.NS,Consumer Services,nifty500
Federal Bank,FEDERALBNK.NS,Financial Services,nifty500
Fertilisers and Chemicals Travancore,FACT.NS,Chemicals,nifty500
Finolex Cables,FINCABLES.NS,Capital Goods,nifty500
Firstsource Solutions,FSL.NS,Services,nifty500
Five-Star Business Finance,FIVESTAR.NS,Financial Services,nifty500
Force Motors,FORCEMOT.NS,Automobile and Auto Components,nifty500
Fortis Healthcare,FORTIS.NS,Healthcare,nifty500
GAIL (India),GAIL.NS,Oil Gas & Consumable Fuels,nifty500
GE Vernova T&D India,GVT&D.NS,Capital Goods,nifty500
GMR Airports,GMRAIRPORT.NS,Services,nifty500
Gabriel India,GABRIEL.NS,Automobile and Auto Components,nifty500
Gallantt Ispat,GALLANTT.NS,Capital Goods,nifty500
Garden Reach Shipbuilders & Engineers,GRSE.NS,Capital Goods,nifty500
General Insurance Corporation of India,GICRE.NS,Financial Services,nifty500
Gillette India,GILLETTE.NS,Fast Moving Consumer Goods,nifty500
Gland Pharma,GLAND.NS,Healthcare,nifty500
Glaxosmithkline Pharmaceuticals,GLAXO.NS,Healthcare,nifty500
Glenmark Pharmaceuticals,GLENMARK.NS,Healthcare,nifty500
Global Health,MEDANTA.NS,Healthcare,nifty500
Go Digit General Insurance,GODIGIT.NS,Financial Services,nifty500
Godawari Power & Ispat,GPIL.NS,Capital Goods,nifty500
Godfrey Phillips India,GODFRYPHLP.NS,Fast Moving Consumer Goods,nifty500
Godrej Consumer Products,GODREJCP.NS,Fast Moving Consumer Goods,nifty500
Godrej Industries,GODREJIND.NS,Diversified,nifty500
Godrej Properties,GODREJPROP.NS,Realty,nifty500
Granules India,GRANULES.NS,Healthcare,nifty500
Graphite India,GRAPHITE.NS,Capital Goods,nifty500
Grasim Industries,GRASIM.NS,Construction Materials,nifty500
Gravita India,GRAVITA.NS,Metals & Mining,nifty500
Great Eastern Shipping Co.,GESHIP.NS,Services,nifty500
Gujarat Fluorochemicals,FLUOROCHEM.NS,Chemicals,nifty500
Gujarat Mineral Development Corporation,GMDCLTD.NS,Metals & Mining,nifty500
H.E.G.,HEG.NS,Capital Goods,nifty500
HBL Engineering,HBLENGINE.NS,Capital Goods,nifty500
HCL Technologies,HCLTECH.NS,Information Technology,nifty500
HDB Financial Services,HDBFS.NS,Financial Services,nifty500
HDFC Asset Management Company,HDFCAMC.NS,Financial Services,nifty500
HDFC Bank,HDFCBANK.NS,Financial Services,nifty500
HDFC Life Insurance Company,HDFCLIFE.NS,Financial Services,nifty500
HFCL,HFCL.NS,Telecommunication,nifty500
Havells India,HAVELLS.NS,Consumer Durables,nifty500
Hero MotoCorp,HEROMOTOCO.NS,Automobile and Auto Components,nifty500
Hexaware Technologies,HEXT.NS,Information Technology,nifty500
Himadri Speciality Chemical,HSCL.NS,Chemicals,nifty500
Hindalco Industries,HINDALCO.NS,Metals & Mining,nifty500
Hindustan Aeronautics,HAL.NS,Capital Goods,nifty500
Hindustan Copper,HINDCOPPER.NS,Metals & Mining,nifty500
Hindustan Petroleum Corporation,HINDPETRO.NS,Oil Gas & Consumable Fuels,nifty500
Hindustan Unilever,HINDUNILVR.NS,Fast Moving Consumer Goods,nifty500
Hindustan Zinc,HINDZINC.NS,Metals & Mining,nifty500
Hitachi Energy India,POWERINDIA.NS,Capital Goods,nifty500
Home First Finance Company India,HOMEFIRST.NS,Financial Services,nifty500
Honasa Consumer,HONASA.NS,Fast Moving Consumer Goods,nifty500
Honeywell Automation India,HONAUT.NS,Capital Goods,nifty500
Housing & Urban Development Corporation,HUDCO.NS,Financial Services,nifty500
Hyundai Motor India,HYUNDAI.NS,Automobile and Auto Components,nifty500
ICICI Bank,ICICIBANK.NS,Financial Services,nifty500
ICICI Lombard General Insurance Company,ICICIGI.NS,Financial Services,nifty500
ICICI Prudential Asset Management Company,ICICIAMC.NS,Financial Services,nifty500
ICICI Prudential Life Insurance Company,ICICIPRULI.NS,Financial Services,nifty500
IDBI Bank,IDBI.NS,Financial Services,nifty500
IDFC First Bank,IDFCFIRSTB.NS,Financial Services,nifty500
IFCI,IFCI.NS,Financial Services,nifty500
IIFL Finance,IIFL.NS,Financial Services,nifty500
IRB Infrastructure Developers,IRB.NS,Construction,nifty500
IRCON International,IRCON.NS,Construction,nifty500
ITC Hotels,ITCHOTELS.NS,Consumer Services,nifty500
ITC,ITC.NS,Fast Moving Consumer Goods,nifty500
ITI,ITI.NS,Telecommunication,nifty500
Indegene,INDGN.NS,Healthcare,nifty500
India Cements,INDIACEM.NS,Construction Materials,nifty500
Indiamart Intermesh,INDIAMART.NS,Consumer Services,nifty500
Indian Bank,INDIANB.NS,Financial Services,nifty500
Indian Energy Exchange,IEX.NS,Financial Services,nifty500
Indian Hotels Co.,INDHOTEL.NS,Consumer Services,nifty500
Indian Oil Corporation,IOC.NS,Oil Gas & Consumable Fuels,nifty500
Indian Overseas Bank,IOB.NS,Financial Services,nifty500
Indian Railway Catering And Tourism Corporation,IRCTC.NS,Consumer Services,nifty500
Indian Railway Finance Corporation,IRFC.NS,Financial Services,nifty500
Indian Renewable Energy Development Agency,IREDA.NS,Financial Services,nifty500
Indraprastha Gas,IGL.NS,Oil Gas & Consumable Fuels,nifty500
Indus Towers,INDUSTOWER.NS,Telecommunication,nifty500
IndusInd Bank,INDUSINDBK.NS,Financial Services,nifty500
Info Edge (India),NAUKRI.NS,Consumer Services,nifty500
Infosys,INFY.NS,Information Technology,nifty500
Inox Wind,INOXWIND.NS,Capital Goods,nifty500
Intellect Design Arena,INTELLECT.NS,Information Technology,nifty500
InterGlobe Aviation,INDIGO.NS,Services,nifty500
International Gemological Institute,IGIL.NS,Services,nifty500
Inventurus Knowledge Solutions,IKS.NS,Information Technology,nifty500
Ipca Laboratories,IPCALAB.NS,Healthcare,nifty500
J.K. Cement,JKCEMENT.NS,Construction Materials,nifty500
JBM Auto,JBMA.NS,Automobile and Auto Components,nifty500
JK Tyre & Industries,JKTYRE.NS,Automobile and Auto Components,nifty500
JM Financial,JMFINANCIL.NS,Financial Services,nifty500
JSW Cement,JSWCEMENT.NS,Construction Materials,nifty500
JSW Dulux,JSWDULUX.NS,Consumer Durables,nifty500
JSW Energy,JSWENERGY.NS,Power,nifty500
JSW Infrastructure,JSWINFRA.NS,Services,nifty500
JSW Steel,JSWSTEEL.NS,Metals & Mining,nifty500
Jain Resource Recycling,JAINREC.NS,Metals & Mining,nifty500
Jaiprakash Power Ventures,JPPOWER.NS,Power,nifty500
Jammu & Kashmir Bank,J&KBANK.NS,Financial Services,nifty500
Jindal Saw,JINDALSAW.NS,Capital Goods,nifty500
Jindal Stainless,JSL.NS,Metals & Mining,nifty500
Jindal Steel,JINDALSTEL.NS,Metals & Mining,nifty500
Jio Financial Services,JIOFIN.NS,Financial Services,nifty500
Jubilant Foodworks,JUBLFOOD.NS,Consumer Services,nifty500
Jubilant Ingrevia,JUBLINGREA.NS,Chemicals,nifty500
Jubilant Pharmova,JUBLPHARMA.NS,Healthcare,nifty500
Jupiter Wagons,JWL.NS,Capital Goods,nifty500
Jyoti CNC Automation,JYOTICNC.NS,Capital Goods,nifty500
K.P.R. Mill,KPRMILL.NS,Textiles,nifty500
KEI Industries,KEI.NS,Capital Goods,nifty500
KPIT Technologies,KPITTECH.NS,Information Technology,nifty500
Kajaria Ceramics,KAJARIACER.NS,Consumer Durables,nifty500
Kalpataru Projects International,KPIL.NS,Construction,nifty500
Kalyan Jewellers India,KALYANKJIL.NS,Consumer Durables,nifty500
Karur Vysya Bank,KARURVYSYA.NS,Financial Services,nifty500
Kaynes Technology India,KAYNES.NS,Capital Goods,nifty500
Kec International,KEC.NS,Construction,nifty500
Kfin Technologies,KFINTECH.NS,Financial Services,nifty500
Kirloskar Oil Eng,KIRLOSENG.NS,Capital Goods,nifty500
Kotak Mahindra Bank,KOTAKBANK.NS,Financial Services,nifty500
Krishna Institute of Medical Sciences,KIMS.NS,Healthcare,nifty500
L&T Finance,LTF.NS,Financial Services,nifty500
L&T Technology Services,LTTS.NS,Information Technology,nifty500
LG Electronics India,LGEINDIA.NS,Consumer Durables,nifty500
LIC Housing Finance,LICHSGFIN.NS,Financial Services,nifty500
LT Foods,LTFOODS.NS,Fast Moving Consumer Goods,nifty500
LTM,LTM.NS,Information Technology,nifty500
Larsen & Toubro,LT.NS,Construction,nifty500
Latent View Analytics,LATENTVIEW.NS,Information Technology,nifty500
Laurus Labs,LAURUSLABS.NS,Healthcare,nifty500
Leela Palaces Hotels & Resorts,THELEELA.NS,Consumer Services,nifty500
Lemon Tree Hotels,LEMONTREE.NS,Consumer Services,nifty500
Lenskart Solutions,LENSKART.NS,Consumer Services,nifty500
Life Insurance Corporation of India,LICI.NS,Financial Services,nifty500
Linde India,LINDEINDIA.NS,Chemicals,nifty500
Lloyds Metals And Energy,LLOYDSME.NS,Metals & Mining,nifty500
Lodha Developers,LODHA.NS,Realty,nifty500
Lupin,LUPIN.NS,Healthcare,nifty500
MMTC,MMTC.NS,Services,nifty500
MRF,MRF.NS,Automobile and Auto Components,nifty500
Mahanagar Gas,MGL.NS,Oil Gas & Consumable Fuels,nifty500
Mahindra & Mahindra Financial Services,M&MFIN.NS,Financial Services,nifty500
Mahindra & Mahindra,M&M.NS,Automobile and Auto Components,nifty500
Manappuram Finance,MANAPPURAM.NS,Financial Services,nifty500
Mangalore Refinery & Petrochemicals,MRPL.NS,Oil Gas & Consumable Fuels,nifty500
Mankind Pharma,MANKIND.NS,Healthcare,nifty500
Marico,MARICO.NS,Fast Moving Consumer Goods,nifty500
Maruti Suzuki India,MARUTI.NS,Automobile and Auto Components,nifty500
Max Financial Services,MFSL.NS,Financial Services,nifty500
Max Healthcare Institute,MAXHEALTH.NS,Healthcare,nifty500
Mazagoan Dock Shipbuilders,MAZDOCK.NS,Capital Goods,nifty500
Meesho,MEESHO.NS,Consumer Services,nifty500
Minda Corporation,MINDACORP.NS,Automobile and Auto Components,nifty500
Motherson Sumi Wiring India,MSUMI.NS,Automobile and Auto Components,nifty500
Motilal Oswal Financial Services,MOTILALOFS.NS,Financial Services,nifty500
MphasiS,MPHASIS.NS,Information Technology,nifty500
Multi Commodity Exchange of India,MCX.NS,Financial Services,nifty500
Muthoot Finance,MUTHOOTFIN.NS,Financial Services,nifty500
NATCO Pharma,NATCOPHARM.NS,Healthcare,nifty500
NBCC (India),NBCC.NS,Construction,nifty500
NCC,NCC.NS,Construction,nifty500
NHPC,NHPC.NS,Power,nifty500
NLC India,NLCINDIA.NS,Power,nifty500
NMDC,NMDC.NS,Metals & Mining,nifty500
NMDC Steel,NSLNISP.NS,Metals & Mining,nifty500
NTPC Green Energy,NTPCGREEN.NS,Power,nifty500
NTPC,NTPC.NS,Power,nifty500
Narayana Hrudayalaya,NH.NS,Healthcare,nifty500
National Aluminium Co.,NATIONALUM.NS,Metals & Mining,nifty500
Nava,NAVA.NS,Power,nifty500
Navin Fluorine International,NAVINFLUOR.NS,Chemicals,nifty500
Nestle India,NESTLEIND.NS,Fast Moving Consumer Goods,nifty500
Netweb Technologies India,NETWEB.NS,Information Technology,nifty500
Neuland Laboratories,NEULANDLAB.NS,Healthcare,nifty500
Newgen Software Technologies,NEWGEN.NS,Information Technology,nifty500
Nippon Life India Asset Management,NAM-INDIA.NS,Financial Services,nifty500
Niva Bupa Health Insurance Company,NIVABUPA.NS,Financial Services,nifty500
Nuvama Wealth Management,NUVAMA.NS,Financial Services,nifty500
Nuvoco Vistas Corporation,NUVOCO.NS,Construction Materials,nifty500
Oberoi Realty,OBEROIRLTY.NS,Realty,nifty500
Oil & Natural Gas Corporation,ONGC.NS,Oil Gas & Consumable Fuels,nifty500
Oil India,OIL.NS,Oil Gas & Consumable Fuels,nifty500
Ola Electric Mobility,OLAELEC.NS,Automobile and Auto Components,nifty500
Olectra Greentech,OLECTRA.NS,Automobile and Auto Components,nifty500
One 97 Communications,PAYTM.NS,Financial Services,nifty500
Onesource Specialty Pharma,ONESOURCE.NS,Healthcare,nifty500
Oracle Financial Services Software,OFSS.NS,Information Technology,nifty500
PB Fintech,POLICYBZR.NS,Financial Services,nifty500
PCBL Chemical,PCBL.NS,Chemicals,nifty500
PG Electroplast,PGEL.NS,Consumer Durables,nifty500
PI Industries,PIIND.NS,Chemicals,nifty500
PNB Housing Finance,PNBHOUSING.NS,Financial Services,nifty500
PTC Industries,PTCIL.NS,Capital Goods,nifty500
PVR INOX,PVRINOX.NS,Media Entertainment & Publication,nifty500
Page Industries,PAGEIND.NS,Textiles,nifty500
Paradeep Phosphates,PARADEEP.NS,Chemicals,nifty500
Patanjali Foods,PATANJALI.NS,Fast Moving Consumer Goods,nifty500
Persistent Systems,PERSISTENT.NS,Information Technology,nifty500
Petronet LNG,PETRONET.NS,Oil Gas & Consumable Fuels,nifty500
Pfizer,PFIZER.NS,Healthcare,nifty500
Phoenix Mills,PHOENIXLTD.NS,Realty,nifty500
Physicswallah,PWL.NS,Consumer Services,nifty500
Pidilite Industries,PIDILITIND.NS,Chemicals,nifty500
Pine Labs,PINELABS.NS,Financial Services,nifty500
Piramal Finance,PIRAMALFIN.NS,Financial Services,nifty500
Piramal Pharma,PPLPHARMA.NS,Healthcare,nifty500
Poly Medicure,POLYMED.NS,Healthcare,nifty500
Polycab India,POLYCAB.NS,Capital Goods,nifty500
Poonawalla Fincorp,POONAWALLA.NS,Financial Services,nifty500
Power Finance Corporation,PFC.NS,Financial Services,nifty500
Power Grid Corporation of India,POWERGRID.NS,Power,nifty500
Premier Energies,PREMIERENE.NS,Capital Goods,nifty500
Prestige Estates Projects,PRESTIGE.NS,Realty,nifty500
Prime Focus,PFOCUS.NS,Media Entertainment & Publication,nifty500
Punjab National Bank,PNB.NS,Financial Services,nifty500
R R Kabel,RRKABEL.NS,Capital Goods,nifty500
RBL Bank,RBLBANK.NS,Financial Services,nifty500
REC,RECLTD.NS,Financial Services,nifty500
RHI MAGNESITA INDIA LTD.,RHIM.NS,Capital Goods,nifty500
RITES,RITES.NS,Construction,nifty500
Radico Khaitan,RADICO.NS,Fast Moving Consumer Goods,nifty500
Rail Vikas Nigam,RVNL.NS,Construction,nifty500
Railtel Corporation Of India,RAILTEL.NS,Telecommunication,nifty500
Rainbow Childrens Medicare,RAINBOW.NS,Healthcare,nifty500
Ramkrishna Forgings,RKFORGE.NS,Automobile and Auto Components,nifty500
Redington,REDINGTON.NS,Services,nifty500
Reliance Industries,RELIANCE.NS,Oil Gas & Consumable Fuels,nifty500
Reliance Power,RPOWER.NS,Power,nifty500
SBFC Finance,SBFC.NS,Financial Services,nifty500
SBI Cards and Payment Services,SBICARD.NS,Financial Services,nifty500
SBI Life Insurance Company,SBILIFE.NS,Financial Services,nifty500
SJVN,SJVN.NS,Power,nifty500
SRF,SRF.NS,Chemicals,nifty500
Sagility,SAGILITY.NS,Information Technology,nifty500
Sai Life Sciences,SAILIFE.NS,Healthcare,nifty500
Sammaan Capital,SAMMAANCAP.NS,Financial Services,nifty500
Samvardhana Motherson International,MOTHERSON.NS,Automobile and Auto Components,nifty500
Sapphire Foods India,SAPPHIRE.NS,Consumer Services,nifty500
Sarda Energy and Minerals,SARDAEN.NS,Metals & Mining,nifty500
Saregama India,SAREGAMA.NS,Media Entertainment & Publication,nifty500
Schaeffler India,SCHAEFFLER.NS,Automobile and Auto Components,nifty500
Schneider Electric Infrastructure,SCHNEIDER.NS,Capital Goods,nifty500
Shipping Corporation of India,SCI.NS,Services,nifty500
Shree Cement,SHREECEM.NS,Construction Materials,nifty500
Shriram Finance,SHRIRAMFIN.NS,Financial Services,nifty500
Shyam Metalics and Energy,SHYAMMETL.NS,Capital Goods,nifty500
Siemens Energy India,ENRIN.NS,Capital Goods,nifty500
Siemens,SIEMENS.NS,Capital Goods,nifty500
Signatureglobal (India),SIGNATURE.NS,Realty,nifty500
Sobha,SOBHA.NS,Realty,nifty500
Solar Industries India,SOLARINDS.NS,Chemicals,nifty500
Sona BLW Precision Forgings,SONACOMS.NS,Automobile and Auto Components,nifty500
Sonata Software,SONATSOFTW.NS,Information Technology,nifty500
Star Health and Allied Insurance Company,STARHEALTH.NS,Financial Services,nifty500
State Bank of India,SBIN.NS,Financial Services,nifty500
Steel Authority of India,SAIL.NS,Metals & Mining,nifty500
Sumitomo Chemical India,SUMICHEM.NS,Chemicals,nifty500
Sun Pharmaceutical Industries,SUNPHARMA.NS,Healthcare,nifty500
Sun TV Network,SUNTV.NS,Media Entertainment & Publication,nifty500
Sundaram Finance,SUNDARMFIN.NS,Financial Services,nifty500
Supreme Industries,SUPREMEIND.NS,Capital Goods,nifty500
Supreme Petrochem,SPLPETRO.NS,Chemicals,nifty500
Suzlon Energy,SUZLON.NS,Capital Goods,nifty500
Swan Corp,SWANCORP.NS,Chemicals,nifty500
Swiggy,SWIGGY.NS,Consumer Services,nifty500
Syngene International,SYNGENE.NS,Healthcare,nifty500
Syrma SGS Technology,SYRMA.NS,Capital Goods,nifty500
TBO Tek,TBOTEK.NS,Consumer Services,nifty500
TVS Motor Company,TVSMOTOR.NS,Automobile and Auto Components,nifty500
Tata Capital,TATACAP.NS,Financial Services,nifty500
Tata Chemicals,TATACHEM.NS,Chemicals,nifty500
Tata Communications,TATACOMM.NS,Telecommunication,nifty500
Tata Consultancy Services,TCS.NS,Information Technology,nifty500
Tata Consumer Products,TATACONSUM.NS,Fast Moving Consumer Goods,nifty500
Tata Elxsi,TATAELXSI.NS,Information Technology,nifty500
Tata Investment Corporation,TATAINVEST.NS,Financial Services,nifty500
Tata Motors,TMCV.NS,Capital Goods,nifty500
Tata Motors Passenger Vehicles,TMPV.NS,Automobile and Auto Components,nifty500
Tata Power Co.,TATAPOWER.NS,Power,nifty500
Tata Steel,TATASTEEL.NS,Metals & Mining,nifty500
Tata Technologies,TATATECH.NS,Information Technology,nifty500
Tata Teleservices (Maharashtra),TTML.NS,Telecommunication,nifty500
Tech Mahindra,TECHM.NS,Information Technology,nifty500
Techno Electric & Engineering Company,TECHNOE.NS,Construction,nifty500
Tega Industries,TEGA.NS,Capital Goods,nifty500
Tejas Networks,TEJASNET.NS,Telecommunication,nifty500
Tenneco Clean Air India,TENNIND.NS,Automobile and Auto Components,nifty500
The New India Assurance Company,NIACL.NS,Financial Services,nifty500
The Ramco Cements,RAMCOCEM.NS,Construction Materials,nifty500
Thermax,THERMAX.NS,Capital Goods,nifty500
Timken India,TIMKEN.NS,Capital Goods,nifty500
Titagarh Rail Systems,TITAGARH.NS,Capital Goods,nifty500
Titan Company,TITAN.NS,Consumer Durables,nifty500
Torrent Pharmaceuticals,TORNTPHARM.NS,Healthcare,nifty500
Torrent Power,TORNTPOWER.NS,Power,nifty500
Transformers And Rectifiers (India),TARIL.NS,Capital Goods,nifty500
Travel Food Services,TRAVELFOOD.NS,Consumer Services,nifty500
Trent,TRENT.NS,Consumer Services,nifty500
Trident,TRIDENT.NS,Textiles,nifty500
Triveni Turbine,TRITURBINE.NS,Capital Goods,nifty500
Tube Investments of India,TIINDIA.NS,Automobile and Auto Components,nifty500
UCO Bank,UCOBANK.NS,Financial Services,nifty500
UNO Minda,UNOMINDA.NS,Automobile and Auto Components,nifty500
UPL,UPL.NS,Chemicals,nifty500
UTI Asset Management Company,UTIAMC.NS,Financial Services,nifty500
UltraTech Cement,ULTRACEMCO.NS,Construction Materials,nifty500
Union Bank of India,UNIONBANK.NS,Financial Services,nifty500
United Breweries,UBL.NS,Fast Moving Consumer Goods,nifty500
United Spirits,UNITDSPR.NS,Fast Moving Consumer Goods,nifty500
Urban Company,URBANCO.NS,Consumer Services,nifty500
Usha Martin,USHAMART.NS,Capital Goods,nifty500
Vardhman Textiles,VTL.NS,Textiles,nifty500
Varun Beverages,VBL.NS,Fast Moving Consumer Goods,nifty500
Vedanta,VEDL.NS,Metals & Mining,nifty500
Vijaya Diagnostic Centre,VIJAYA.NS,Healthcare,nifty500
Vishal Mega Mart,VMM.NS,Consumer Services,nifty500
Vodafone Idea,IDEA.NS,Telecommunication,nifty500
Voltas,VOLTAS.NS,Consumer Durables,nifty500
Waaree Energies,WAAREEENER.NS,Capital Goods,nifty500
Welspun Corp,WELCORP.NS,Capital Goods,nifty500
Welspun Living,WELSPUNLIV.NS,Textiles,nifty500
Whirlpool of India,WHIRLPOOL.NS,Consumer Durables,nifty500
Wipro,WIPRO.NS,Information Technology,nifty500
Wockhardt,WOCKPHARMA.NS,Healthcare,nifty500
Yes Bank,YESBANK.NS,Financial Services,nifty500
ZF Commercial Vehicle Control Systems India,ZFCVINDIA.NS,Automobile and Auto Components,nifty500
Zee Entertainment Enterprises,ZEEL.NS,Media Entertainment & Publication,nifty500
Zen Technologies,ZENTEC.NS,Capital Goods,nifty500
Zensar Technolgies,ZENSARTECH.NS,Information Technology,nifty500
Zydus Lifesciences,ZYDUSLIFE.NS,Healthcare,nifty500
Zydus Wellness,ZYDUSWELL.NS,Fast Moving Consumer Goods,nifty500
eClerx Services,ECLERX.NS,Services,nifty500
